metrica,bzip2,ammp,gap,swim,vpr
benchmark,bzip2,ammp,gap,swim,vpr
IPC,3.5883,0.1459,3.9260,5.8017,2.0202
CPI,0.2787,6.8561,0.2547,0.1724,0.4950
sim_cycle,27868712,423448,5586308,17236400,49499327
sim_num_insn,100000000,61762,21932094,100000001,100000000
sim_total_insn,103746803,80772,22075520,100138863,211145169
sim_exec_BW,3.7227,0.1907,3.9517,5.8097,4.2656
avg_sim_slip,184.6883,9437.3879,355.0247,241.9577,15.5521
ifq_occupancy,9.0765,14.8256,13.6914,14.8445,4.7214
ifq_full,0.3381,0.9116,0.4874,0.7668,0.0040
ruu_occupancy,489.4799,943.4318,889.5843,1021.3591,62.8229
ruu_full,0.4018,0.9176,0.0008,0.9459,0.0043
ruu_latency,131.4853,4945.9507,225.1132,175.8014,14.7277
lsq_occupancy,172.8174,470.2500,499.0800,375.1621,13.5442
lsq_full,0.0000,0.9162,0.7289,0.0000,0.0001
lsq_latency,46.4226,2465.2901,126.2944,64.5748,3.1752
bpred_dir_rate,0.9938,0.9635,0.9989,0.9999,0.8603
ras_rate,1.0000,0.8278,0.7837,0.9998,0.8099
il1_miss_rate,0.0000,0.0019,0.0000,0.0000,0.0000
dl1_miss_rate,0.0058,0.1599,0.0468,0.0026,0.0073
ul2_miss_rate,0.1549,0.9905,0.4996,0.5031,0.1609
itlb_miss_rate,0.0000,0.0002,0.0000,0.0000,0.0000
dtlb_miss_rate,0.0019,0.0779,0.0007,0.0000,0.0010
sim_IPB,7.1058,4.7403,15.8601,44.0658,5.0755
bpred_addr_rate,0.9938,0.9420,0.9979,0.9998,0.8468
bpred_misses,87022,466,1570,268,2752968
il1_misses,58,155,542,28,481
dl1_misses,192640,2673,511331,43712,211433
ul2_misses,56479,2809,510846,43740,45913
